versao,tamanho,threads,cutoff,repeticao,tempo_segundos,cpu_percent,memoria_max_kb,correto
seq,1000000,1,0,1,0.069188634,81,9600,SIM
seq,1000000,1,0,2,0.068658278,81,9600,SIM
seq,1000000,1,0,3,0.071852063,81,9472,SIM
seq,1000000,1,0,4,0.081454206,82,9344,SIM
seq,1000000,1,0,5,0.068382841,81,9344,SIM
seq,1000000,1,0,6,0.071834724,82,9600,SIM
seq,1000000,1,0,7,0.066554057,81,9472,SIM
seq,1000000,1,0,8,0.072399598,82,9472,SIM
seq,1000000,1,0,9,0.068549639,82,9472,SIM
seq,1000000,1,0,10,0.068185351,82,9600,SIM
seq,5000000,1,0,1,0.378987030,85,40832,SIM
seq,5000000,1,0,2,0.374036028,84,40960,SIM
seq,5000000,1,0,3,0.375616327,85,40960,SIM
seq,5000000,1,0,4,0.377565211,85,40832,SIM
seq,5000000,1,0,5,0.373590441,85,40832,SIM
seq,5000000,1,0,6,0.382620192,85,40832,SIM
seq,5000000,1,0,7,0.379394457,84,40576,SIM
seq,5000000,1,0,8,0.379302718,85,40960,SIM
seq,5000000,1,0,9,0.374501647,85,40832,SIM
seq,5000000,1,0,10,0.375207301,85,40960,SIM
seq,10000000,1,0,1,0.807661053,87,80000,SIM
seq,10000000,1,0,2,0.783048726,86,79872,SIM
seq,10000000,1,0,3,0.803498966,85,80000,SIM
seq,10000000,1,0,4,0.792892628,86,80000,SIM
seq,10000000,1,0,5,0.786946595,86,79872,SIM
seq,10000000,1,0,6,0.795826224,86,79872,SIM
seq,10000000,1,0,7,0.781967075,86,80000,SIM
seq,10000000,1,0,8,0.798276193,86,80000,SIM
seq,10000000,1,0,9,0.790682783,86,80000,SIM
seq,10000000,1,0,10,0.822446925,87,79872,SIM
seq,20000000,1,0,1,1.668158206,87,158080,SIM
seq,20000000,1,0,2,1.641247398,87,158080,SIM
seq,20000000,1,0,3,1.641732116,87,158080,SIM
seq,20000000,1,0,4,1.648236794,87,157952,SIM
seq,20000000,1,0,5,1.649385326,87,157952,SIM
seq,20000000,1,0,6,1.693336927,86,158080,SIM
seq,20000000,1,0,7,1.671062402,87,158080,SIM
seq,20000000,1,0,8,1.713620141,87,157952,SIM
seq,20000000,1,0,9,1.653152436,87,158080,SIM
seq,20000000,1,0,10,1.665226513,87,158080,SIM
seq,40000000,1,0,1,3.509322861,87,314368,SIM
seq,40000000,1,0,2,3.464791813,87,314240,SIM
seq,40000000,1,0,3,3.471820763,87,314368,SIM
seq,40000000,1,0,4,3.461637728,86,314368,SIM
seq,40000000,1,0,5,3.518753870,87,314112,SIM
seq,40000000,1,0,6,3.483389257,86,314368,SIM
seq,40000000,1,0,7,3.530452774,87,314240,SIM
seq,40000000,1,0,8,3.476088931,87,314368,SIM
seq,40000000,1,0,9,3.477272723,87,314368,SIM
seq,40000000,1,0,10,3.468052011,87,314240,SIM
omp,1000000,1,16384,1,0.066160818,80,10112,SIM
omp,1000000,1,16384,2,0.068971585,82,10112,SIM
omp,1000000,1,16384,3,0.068067835,80,9984,SIM
omp,1000000,1,16384,4,0.066577006,81,10112,SIM
omp,1000000,1,16384,5,0.067130431,81,9984,SIM
omp,1000000,1,16384,6,0.067625707,81,9728,SIM
omp,1000000,1,16384,7,0.069926049,82,9984,SIM
omp,1000000,1,16384,8,0.066586396,81,9984,SIM
omp,1000000,1,16384,9,0.068790620,82,9984,SIM
omp,1000000,1,16384,10,0.067680486,81,9984,SIM
omp,1000000,2,16384,1,0.038798955,135,9856,SIM
omp,1000000,2,16384,2,0.039571627,135,9856,SIM
omp,1000000,2,16384,3,0.041570514,131,9856,SIM
omp,1000000,2,16384,4,0.038414637,133,9728,SIM
omp,1000000,2,16384,5,0.039457704,133,9856,SIM
omp,1000000,2,16384,6,0.039193129,135,9856,SIM
omp,1000000,2,16384,7,0.041789846,136,9856,SIM
omp,1000000,2,16384,8,0.040600410,139,9984,SIM
omp,1000000,2,16384,9,0.042282853,137,9856,SIM
omp,1000000,2,16384,10,0.039203203,135,9728,SIM
omp,1000000,4,16384,1,0.035532782,196,9600,SIM
omp,1000000,4,16384,2,0.028237828,218,9600,SIM
omp,1000000,4,16384,3,0.032954411,210,9728,SIM
omp,1000000,4,16384,4,0.033065749,205,9600,SIM
omp,1000000,4,16384,5,0.034762831,206,9856,SIM
omp,1000000,4,16384,6,0.027523533,219,9600,SIM
omp,1000000,4,16384,7,0.025742438,212,9856,SIM
omp,1000000,4,16384,8,0.025614608,200,9600,SIM
omp,1000000,4,16384,9,0.034131602,208,9728,SIM
omp,1000000,4,16384,10,0.026683705,211,9728,SIM
omp,1000000,6,16384,1,0.027685644,264,9472,SIM
omp,1000000,6,16384,2,0.024742646,260,9600,SIM
omp,1000000,6,16384,3,0.028138107,269,9600,SIM
omp,1000000,6,16384,4,0.026978429,274,9600,SIM
omp,1000000,6,16384,5,0.027328125,265,9600,SIM
omp,1000000,6,16384,6,0.025660403,257,9728,SIM
omp,1000000,6,16384,7,0.026658900,260,9856,SIM
omp,1000000,6,16384,8,0.026449712,266,9472,SIM
omp,1000000,6,16384,9,0.026234292,264,9600,SIM
omp,1000000,6,16384,10,0.027618822,250,9600,SIM
omp,1000000,8,16384,1,0.025024524,330,9600,SIM
omp,1000000,8,16384,2,0.024478857,336,9344,SIM
omp,1000000,8,16384,3,0.025368329,344,9600,SIM
omp,1000000,8,16384,4,0.024429118,322,9600,SIM
omp,1000000,8,16384,5,0.023877001,319,9344,SIM
omp,1000000,8,16384,6,0.028914572,303,9344,SIM
omp,1000000,8,16384,7,0.026614651,313,9216,SIM
omp,1000000,8,16384,8,0.022380054,319,9344,SIM
omp,1000000,8,16384,9,0.026172479,346,9344,SIM
omp,1000000,8,16384,10,0.024293404,341,9600,SIM
omp,1000000,10,16384,1,0.022688968,374,9472,SIM
omp,1000000,10,16384,2,0.023134614,389,9600,SIM
omp,1000000,10,16384,3,0.024492922,404,9600,SIM
omp,1000000,10,16384,4,0.023715055,425,9472,SIM
omp,1000000,10,16384,5,0.023952243,350,9472,SIM
omp,1000000,10,16384,6,0.023219367,412,9344,SIM
omp,1000000,10,16384,7,0.023702875,377,9600,SIM
omp,1000000,10,16384,8,0.022968699,389,9472,SIM
omp,1000000,10,16384,9,0.023041968,376,9600,SIM
omp,1000000,10,16384,10,0.023721043,389,9472,SIM
omp,1000000,12,16384,1,0.022777460,420,9472,SIM
omp,1000000,12,16384,2,0.022841785,495,9216,SIM
omp,1000000,12,16384,3,0.022679811,460,9344,SIM
omp,1000000,12,16384,4,0.021769010,457,9344,SIM
omp,1000000,12,16384,5,0.024333900,486,9088,SIM
omp,1000000,12,16384,6,0.022239677,460,9472,SIM
omp,1000000,12,16384,7,0.022722261,423,9344,SIM
omp,1000000,12,16384,8,0.022395093,436,9344,SIM
omp,1000000,12,16384,9,0.026955658,469,8960,SIM
omp,1000000,12,16384,10,0.022886540,452,9088,SIM
omp,5000000,1,16384,1,0.379280409,85,41344,SIM
omp,5000000,1,16384,2,0.372419482,84,41344,SIM
omp,5000000,1,16384,3,0.377654852,85,41088,SIM
omp,5000000,1,16384,4,0.381064975,85,41344,SIM
omp,5000000,1,16384,5,0.371683469,86,41344,SIM
omp,5000000,1,16384,6,0.372490462,85,41344,SIM
omp,5000000,1,16384,7,0.372009316,85,41344,SIM
omp,5000000,1,16384,8,0.372495822,85,41344,SIM
omp,5000000,1,16384,9,0.370874245,85,41344,SIM
omp,5000000,1,16384,10,0.373816621,85,41088,SIM
omp,5000000,2,16384,1,0.212396270,137,41216,SIM
omp,5000000,2,16384,2,0.223258095,139,41088,SIM
omp,5000000,2,16384,3,0.210923534,136,41216,SIM
omp,5000000,2,16384,4,0.214002909,135,41088,SIM
omp,5000000,2,16384,5,0.219741063,139,41216,SIM
omp,5000000,2,16384,6,0.211061401,137,41216,SIM
omp,5000000,2,16384,7,0.212047804,137,41088,SIM
omp,5000000,2,16384,8,0.217603836,137,41216,SIM
omp,5000000,2,16384,9,0.217507628,137,41216,SIM
omp,5000000,2,16384,10,0.218494489,138,41088,SIM
omp,5000000,4,16384,1,0.136763864,205,41216,SIM
omp,5000000,4,16384,2,0.168790018,177,41088,SIM
omp,5000000,4,16384,3,0.141818259,198,41088,SIM
omp,5000000,4,16384,4,0.138282141,198,41216,SIM
omp,5000000,4,16384,5,0.176027124,180,41216,SIM
omp,5000000,4,16384,6,0.172072356,178,41216,SIM
omp,5000000,4,16384,7,0.145790333,201,40960,SIM
omp,5000000,4,16384,8,0.141614786,197,40960,SIM
omp,5000000,4,16384,9,0.144329445,204,40960,SIM
omp,5000000,4,16384,10,0.143212023,202,41088,SIM
omp,5000000,6,16384,1,0.145628964,231,40960,SIM
omp,5000000,6,16384,2,0.149911181,220,41088,SIM
omp,5000000,6,16384,3,0.144697860,225,41088,SIM
omp,5000000,6,16384,4,0.144917329,221,40832,SIM
omp,5000000,6,16384,5,0.149104136,217,40960,SIM
omp,5000000,6,16384,6,0.139376373,223,41088,SIM
omp,5000000,6,16384,7,0.150784143,225,40960,SIM
omp,5000000,6,16384,8,0.153125055,210,41088,SIM
omp,5000000,6,16384,9,0.148564111,215,40960,SIM
omp,5000000,6,16384,10,0.144606866,221,40960,SIM
omp,5000000,8,16384,1,0.133104483,258,40960,SIM
omp,5000000,8,16384,2,0.130378649,259,40704,SIM
omp,5000000,8,16384,3,0.127647325,259,41088,SIM
omp,5000000,8,16384,4,0.121527244,261,40704,SIM
omp,5000000,8,16384,5,0.127453599,255,41088,SIM
omp,5000000,8,16384,6,0.125132025,261,41088,SIM
omp,5000000,8,16384,7,0.126888814,262,40832,SIM
omp,5000000,8,16384,8,0.127702844,268,40832,SIM
omp,5000000,8,16384,9,0.127437411,268,40704,SIM
omp,5000000,8,16384,10,0.126900154,255,40832,SIM
omp,5000000,10,16384,1,0.112603618,301,40960,SIM
omp,5000000,10,16384,2,0.118610290,292,40832,SIM
omp,5000000,10,16384,3,0.118154563,297,40576,SIM
omp,5000000,10,16384,4,0.119500477,300,40832,SIM
omp,5000000,10,16384,5,0.117971263,294,40960,SIM
omp,5000000,10,16384,6,0.122650444,296,40704,SIM
omp,5000000,10,16384,7,0.116960104,295,40960,SIM
omp,5000000,10,16384,8,0.121629617,293,40960,SIM
omp,5000000,10,16384,9,0.118695874,296,40832,SIM
omp,5000000,10,16384,10,0.119285359,299,40832,SIM
omp,5000000,12,16384,1,0.111325588,338,40704,SIM
omp,5000000,12,16384,2,0.121963698,351,40832,SIM
omp,5000000,12,16384,3,0.112810355,326,40704,SIM
omp,5000000,12,16384,4,0.114469542,326,40576,SIM
omp,5000000,12,16384,5,0.114498267,334,40832,SIM
omp,5000000,12,16384,6,0.111980707,333,40960,SIM
omp,5000000,12,16384,7,0.109888587,336,40832,SIM
omp,5000000,12,16384,8,0.114077270,331,40704,SIM
omp,5000000,12,16384,9,0.114528131,330,40832,SIM
omp,5000000,12,16384,10,0.114640619,335,40576,SIM
omp,10000000,1,16384,1,0.802902101,86,80384,SIM
omp,10000000,1,16384,2,0.777855705,86,80384,SIM
omp,10000000,1,16384,3,0.783746960,86,80384,SIM
omp,10000000,1,16384,4,0.796533270,86,80384,SIM
omp,10000000,1,16384,5,0.781137439,86,80128,SIM
omp,10000000,1,16384,6,0.778663790,86,80384,SIM
omp,10000000,1,16384,7,0.780595235,86,80128,SIM
omp,10000000,1,16384,8,0.791542249,86,80384,SIM
omp,10000000,1,16384,9,0.782095882,86,80384,SIM
omp,10000000,1,16384,10,0.794485912,86,80384,SIM
omp,10000000,2,16384,1,0.441971618,134,80256,SIM
omp,10000000,2,16384,2,0.451215624,137,80000,SIM
omp,10000000,2,16384,3,0.452149681,138,80256,SIM
omp,10000000,2,16384,4,0.450626378,136,80128,SIM
omp,10000000,2,16384,5,0.453294188,136,80000,SIM
omp,10000000,2,16384,6,0.460900647,138,80128,SIM
omp,10000000,2,16384,7,0.444981842,134,80128,SIM
omp,10000000,2,16384,8,0.460394662,136,80256,SIM
omp,10000000,2,16384,9,0.446598050,135,80256,SIM
omp,10000000,2,16384,10,0.443936280,137,80000,SIM
omp,10000000,4,16384,1,0.282257249,196,80128,SIM
omp,10000000,4,16384,2,0.355320960,172,80000,SIM
omp,10000000,4,16384,3,0.299235456,195,80128,SIM
omp,10000000,4,16384,4,0.351064993,170,80128,SIM
omp,10000000,4,16384,5,0.296816561,197,80256,SIM
omp,10000000,4,16384,6,0.350530316,170,80128,SIM
omp,10000000,4,16384,7,0.352820020,170,80128,SIM
omp,10000000,4,16384,8,0.356245414,173,80128,SIM
omp,10000000,4,16384,9,0.363581333,176,80256,SIM
omp,10000000,4,16384,10,0.390658786,165,80256,SIM
omp,10000000,6,16384,1,0.306549200,204,80000,SIM
omp,10000000,6,16384,2,0.268135442,223,80128,SIM
omp,10000000,6,16384,3,0.299304981,208,80000,SIM
omp,10000000,6,16384,4,0.291374333,204,80128,SIM
omp,10000000,6,16384,5,0.293328418,201,79744,SIM
omp,10000000,6,16384,6,0.300952458,205,79872,SIM
omp,10000000,6,16384,7,0.279761770,208,79872,SIM
omp,10000000,6,16384,8,0.299109200,204,80128,SIM
omp,10000000,6,16384,9,0.308741883,197,80256,SIM
omp,10000000,6,16384,10,0.297305942,207,80128,SIM
omp,10000000,8,16384,1,0.256523406,234,79744,SIM
omp,10000000,8,16384,2,0.254091696,242,80000,SIM
omp,10000000,8,16384,3,0.248915421,243,80000,SIM
omp,10000000,8,16384,4,0.264945686,235,79872,SIM
omp,10000000,8,16384,5,0.253483966,242,79872,SIM
omp,10000000,8,16384,6,0.260170402,238,80000,SIM
omp,10000000,8,16384,7,0.259772455,236,80128,SIM
omp,10000000,8,16384,8,0.259404180,241,80000,SIM
omp,10000000,8,16384,9,0.255803348,242,79872,SIM
omp,10000000,8,16384,10,0.250492539,247,80000,SIM
omp,10000000,10,16384,1,0.242021396,267,79872,SIM
omp,10000000,10,16384,2,0.223071564,278,80128,SIM
omp,10000000,10,16384,3,0.235333682,276,80000,SIM
omp,10000000,10,16384,4,0.240223195,267,80000,SIM
omp,10000000,10,16384,5,0.245975859,261,79872,SIM
omp,10000000,10,16384,6,0.254966288,261,79616,SIM
omp,10000000,10,16384,7,0.241270286,264,79744,SIM
omp,10000000,10,16384,8,0.242314808,266,79872,SIM
omp,10000000,10,16384,9,0.251722276,260,79744,SIM
omp,10000000,10,16384,10,0.241336458,266,80000,SIM
omp,10000000,12,16384,1,0.225485900,293,79744,SIM
omp,10000000,12,16384,2,0.243619707,299,79872,SIM
omp,10000000,12,16384,3,0.222026361,296,79616,SIM
omp,10000000,12,16384,4,0.232344059,285,79872,SIM
omp,10000000,12,16384,5,0.224168150,294,79744,SIM
omp,10000000,12,16384,6,0.225138841,290,79616,SIM
omp,10000000,12,16384,7,0.236507384,291,79616,SIM
omp,10000000,12,16384,8,0.238253300,309,79744,SIM
omp,10000000,12,16384,9,0.229368219,296,79616,SIM
omp,10000000,12,16384,10,0.233379655,291,79488,SIM
omp,20000000,1,16384,1,1.656001485,87,158464,SIM
omp,20000000,1,16384,2,1.624042435,87,158464,SIM
omp,20000000,1,16384,3,1.635989549,87,158464,SIM
omp,20000000,1,16384,4,1.634454905,87,158464,SIM
omp,20000000,1,16384,5,1.632462148,86,158464,SIM
omp,20000000,1,16384,6,1.645109440,87,158336,SIM
omp,20000000,1,16384,7,1.671427882,87,158080,SIM
omp,20000000,1,16384,8,1.624543361,87,158336,SIM
omp,20000000,1,16384,9,1.628893065,86,158464,SIM
omp,20000000,1,16384,10,1.625529423,86,158464,SIM
omp,20000000,2,16384,1,0.943957922,138,158336,SIM
omp,20000000,2,16384,2,0.952475855,137,158208,SIM
omp,20000000,2,16384,3,0.940404492,138,158208,SIM
omp,20000000,2,16384,4,0.935712007,139,158464,SIM
omp,20000000,2,16384,5,0.940883256,138,158464,SIM
omp,20000000,2,16384,6,0.966032297,139,158336,SIM
omp,20000000,2,16384,7,0.937124725,137,158464,SIM
omp,20000000,2,16384,8,0.966348026,139,158464,SIM
omp,20000000,2,16384,9,0.937566663,139,158336,SIM
omp,20000000,2,16384,10,0.945668659,138,158208,SIM
omp,20000000,4,16384,1,0.724473752,169,158080,SIM
omp,20000000,4,16384,2,0.659968434,181,158080,SIM
omp,20000000,4,16384,3,0.747031175,170,158208,SIM
omp,20000000,4,16384,4,0.604883514,190,158080,SIM
omp,20000000,4,16384,5,0.596024574,197,158080,SIM
omp,20000000,4,16384,6,0.604730754,196,158208,SIM
omp,20000000,4,16384,7,0.736768734,169,158208,SIM
omp,20000000,4,16384,8,0.598003888,194,158336,SIM
omp,20000000,4,16384,9,0.604150089,195,158336,SIM
omp,20000000,4,16384,10,0.742000833,170,158080,SIM
omp,20000000,6,16384,1,0.667801749,193,158208,SIM
omp,20000000,6,16384,2,0.611463339,213,158080,SIM
omp,20000000,6,16384,3,0.610321400,201,158336,SIM
omp,20000000,6,16384,4,0.590895834,206,158208,SIM
omp,20000000,6,16384,5,0.626254744,200,158208,SIM
omp,20000000,6,16384,6,0.621218513,201,158208,SIM
omp,20000000,6,16384,7,0.578733560,214,158080,SIM
omp,20000000,6,16384,8,0.559841314,220,158208,SIM
omp,20000000,6,16384,9,0.620554709,204,158080,SIM
omp,20000000,6,16384,10,0.557736445,216,158336,SIM
omp,20000000,8,16384,1,0.554887799,227,158208,SIM
omp,20000000,8,16384,2,0.520797907,239,158080,SIM
omp,20000000,8,16384,3,0.553097561,228,157696,SIM
omp,20000000,8,16384,4,0.574543915,241,158208,SIM
omp,20000000,8,16384,5,0.548648128,238,158080,SIM
omp,20000000,8,16384,6,0.516481518,237,158080,SIM
omp,20000000,8,16384,7,0.552374066,226,157952,SIM
omp,20000000,8,16384,8,0.531032955,229,158080,SIM
omp,20000000,8,16384,9,0.553437319,229,157824,SIM
omp,20000000,8,16384,10,0.535497907,231,158208,SIM
omp,20000000,10,16384,1,0.501353600,252,157824,SIM
omp,20000000,10,16384,2,0.472339524,268,157952,SIM
omp,20000000,10,16384,3,0.523773183,250,158336,SIM
omp,20000000,10,16384,4,0.504582230,254,157824,SIM
omp,20000000,10,16384,5,0.504382367,258,157952,SIM
omp,20000000,10,16384,6,0.500206021,252,158080,SIM
omp,20000000,10,16384,7,0.496163761,255,158080,SIM
omp,20000000,10,16384,8,0.499010328,257,158080,SIM
omp,20000000,10,16384,9,0.504823503,251,158080,SIM
omp,20000000,10,16384,10,0.492595184,257,158080,SIM
omp,20000000,12,16384,1,0.474443139,286,157824,SIM
omp,20000000,12,16384,2,0.477843071,270,157952,SIM
omp,20000000,12,16384,3,0.481269620,272,157952,SIM
omp,20000000,12,16384,4,0.469449791,276,157824,SIM
omp,20000000,12,16384,5,0.492549032,281,158080,SIM
omp,20000000,12,16384,6,0.467685476,289,158080,SIM
omp,20000000,12,16384,7,0.482394195,285,157952,SIM
omp,20000000,12,16384,8,0.477752269,277,157952,SIM
omp,20000000,12,16384,9,0.482071403,279,157824,SIM
omp,20000000,12,16384,10,0.461486935,278,157952,SIM
omp,40000000,1,16384,1,3.427879708,88,314368,SIM
omp,40000000,1,16384,2,3.444505203,87,314752,SIM
omp,40000000,1,16384,3,3.381979347,87,314624,SIM
omp,40000000,1,16384,4,3.447510500,87,314624,SIM
omp,40000000,1,16384,5,3.445898195,87,314496,SIM
omp,40000000,1,16384,6,3.447055562,87,314752,SIM
omp,40000000,1,16384,7,3.467276717,87,314752,SIM
omp,40000000,1,16384,8,3.446941832,87,314624,SIM
omp,40000000,1,16384,9,3.458526380,87,314752,SIM
omp,40000000,1,16384,10,3.427957801,87,314496,SIM
omp,40000000,2,16384,1,1.956592609,137,314368,SIM
omp,40000000,2,16384,2,1.931148476,139,314496,SIM
omp,40000000,2,16384,3,1.920591111,139,314624,SIM
omp,40000000,2,16384,4,1.940673041,140,314624,SIM
omp,40000000,2,16384,5,1.921930481,138,314496,SIM
omp,40000000,2,16384,6,1.939367864,139,314496,SIM
omp,40000000,2,16384,7,1.938908418,138,314496,SIM
omp,40000000,2,16384,8,1.964311418,139,314624,SIM
omp,40000000,2,16384,9,1.953642371,139,314752,SIM
omp,40000000,2,16384,10,1.979496408,139,314496,SIM
omp,40000000,4,16384,1,1.296288197,201,314368,SIM
omp,40000000,4,16384,2,1.561505058,172,314496,SIM
omp,40000000,4,16384,3,1.305949331,200,314624,SIM
omp,40000000,4,16384,4,1.536477507,172,314496,SIM
omp,40000000,4,16384,5,1.550235679,173,314368,SIM
omp,40000000,4,16384,6,1.273153171,202,314368,SIM
omp,40000000,4,16384,7,1.280017877,200,314496,SIM
omp,40000000,4,16384,8,1.582755937,172,314368,SIM
omp,40000000,4,16384,9,1.544672861,173,314368,SIM
omp,40000000,4,16384,10,1.509656129,172,314368,SIM
omp,40000000,6,16384,1,1.224204446,211,314496,SIM
omp,40000000,6,16384,2,1.261186196,210,314624,SIM
omp,40000000,6,16384,3,1.247274236,204,314496,SIM
omp,40000000,6,16384,4,1.188735526,211,314496,SIM
omp,40000000,6,16384,5,1.335443085,190,314496,SIM
omp,40000000,6,16384,6,1.273221554,200,314368,SIM
omp,40000000,6,16384,7,1.302008029,200,314496,SIM
omp,40000000,6,16384,8,1.232079739,203,314496,SIM
omp,40000000,6,16384,9,1.284369048,196,314624,SIM
omp,40000000,6,16384,10,1.273250065,201,314368,SIM
omp,40000000,8,16384,1,1.126828866,226,314240,SIM
omp,40000000,8,16384,2,1.201406807,218,314112,SIM
omp,40000000,8,16384,3,1.165886108,235,314240,SIM
omp,40000000,8,16384,4,1.232823549,240,314240,SIM
omp,40000000,8,16384,5,1.142632030,226,314368,SIM
omp,40000000,8,16384,6,1.110130486,231,313984,SIM
omp,40000000,8,16384,7,1.164139209,229,314112,SIM
omp,40000000,8,16384,8,1.166040726,232,314112,SIM
omp,40000000,8,16384,9,1.123855560,235,314368,SIM
omp,40000000,8,16384,10,1.109343426,244,314112,SIM
omp,40000000,10,16384,1,1.048904011,245,314368,SIM
omp,40000000,10,16384,2,1.041997369,258,314112,SIM
omp,40000000,10,16384,3,0.973846159,262,314112,SIM
omp,40000000,10,16384,4,0.994778916,254,314240,SIM
omp,40000000,10,16384,5,1.015988431,251,313984,SIM
omp,40000000,10,16384,6,1.012687049,254,313984,SIM
omp,40000000,10,16384,7,1.019540013,252,314112,SIM
omp,40000000,10,16384,8,1.030325520,253,314240,SIM
omp,40000000,10,16384,9,1.019044466,258,314240,SIM
omp,40000000,10,16384,10,1.017762919,253,314112,SIM
omp,40000000,12,16384,1,0.971625183,277,314112,SIM
omp,40000000,12,16384,2,1.007085601,278,314112,SIM
omp,40000000,12,16384,3,0.961299024,280,314240,SIM
omp,40000000,12,16384,4,1.008320435,271,314112,SIM
omp,40000000,12,16384,5,0.957449217,275,313856,SIM
omp,40000000,12,16384,6,1.006187207,285,313856,SIM
omp,40000000,12,16384,7,1.029200650,276,313856,SIM
omp,40000000,12,16384,8,0.958536187,275,313984,SIM
omp,40000000,12,16384,9,0.969022805,272,313984,SIM
omp,40000000,12,16384,10,0.971884454,278,313984,SIM
pthreads,1000000,1,0,1,0.072779809,82,9600,SIM
pthreads,1000000,1,0,2,0.069140242,82,9600,SIM
pthreads,1000000,1,0,3,0.067973552,81,9600,SIM
pthreads,1000000,1,0,4,0.067632425,81,9600,SIM
pthreads,1000000,1,0,5,0.069137597,80,9472,SIM
pthreads,1000000,1,0,6,0.067269398,82,9600,SIM
pthreads,1000000,1,0,7,0.066900121,80,9600,SIM
pthreads,1000000,1,0,8,0.067238299,81,9600,SIM
pthreads,1000000,1,0,9,0.067284988,81,9600,SIM
pthreads,1000000,1,0,10,0.074681949,81,9600,SIM
pthreads,1000000,2,0,1,0.037324704,126,9600,SIM
pthreads,1000000,2,0,2,0.036870258,125,9600,SIM
pthreads,1000000,2,0,3,0.036629630,122,9600,SIM
pthreads,1000000,2,0,4,0.036393312,125,9472,SIM
pthreads,1000000,2,0,5,0.036235192,123,9600,SIM
pthreads,1000000,2,0,6,0.036290723,124,9600,SIM
pthreads,1000000,2,0,7,0.036904688,120,9600,SIM
pthreads,1000000,2,0,8,0.037742466,126,9600,SIM
pthreads,1000000,2,0,9,0.040002373,124,9600,SIM
pthreads,1000000,2,0,10,0.037487519,127,9600,SIM
pthreads,1000000,4,0,1,0.023377785,180,9216,SIM
pthreads,1000000,4,0,2,0.023496146,172,9472,SIM
pthreads,1000000,4,0,3,0.022498269,171,9216,SIM
pthreads,1000000,4,0,4,0.022585250,176,9472,SIM
pthreads,1000000,4,0,5,0.023858138,170,9216,SIM
pthreads,1000000,4,0,6,0.022288973,168,9472,SIM
pthreads,1000000,4,0,7,0.024706095,177,9344,SIM
pthreads,1000000,4,0,8,0.023313994,176,9216,SIM
pthreads,1000000,4,0,9,0.022958307,173,9088,SIM
pthreads,1000000,4,0,10,0.024983882,175,9216,SIM
pthreads,1000000,6,0,1,0.018544546,202,9600,SIM
pthreads,1000000,6,0,2,0.018251761,197,9600,SIM
pthreads,1000000,6,0,3,0.018910269,200,9600,SIM
pthreads,1000000,6,0,4,0.018382081,192,9472,SIM
pthreads,1000000,6,0,5,0.019370137,197,9216,SIM
pthreads,1000000,6,0,6,0.018612744,207,9600,SIM
pthreads,1000000,6,0,7,0.018556274,202,9472,SIM
pthreads,1000000,6,0,8,0.019472045,207,9600,SIM
pthreads,1000000,6,0,9,0.019165178,204,9600,SIM
pthreads,1000000,6,0,10,0.019268168,204,9600,SIM
pthreads,1000000,8,0,1,0.016552950,222,8832,SIM
pthreads,1000000,8,0,2,0.015905704,231,8960,SIM
pthreads,1000000,8,0,3,0.016480320,227,8832,SIM
pthreads,1000000,8,0,4,0.015911125,225,8960,SIM
pthreads,1000000,8,0,5,0.015538047,231,8960,SIM
pthreads,1000000,8,0,6,0.015356988,231,8960,SIM
pthreads,1000000,8,0,7,0.015901544,223,8960,SIM
pthreads,1000000,8,0,8,0.015813620,212,8960,SIM
pthreads,1000000,8,0,9,0.016248983,231,8960,SIM
pthreads,1000000,8,0,10,0.016476790,220,8960,SIM
pthreads,1000000,10,0,1,0.014765265,243,9472,SIM
pthreads,1000000,10,0,2,0.015110090,248,9472,SIM
pthreads,1000000,10,0,3,0.015037312,234,9472,SIM
pthreads,1000000,10,0,4,0.015399394,230,9472,SIM
pthreads,1000000,10,0,5,0.015120651,243,9472,SIM
pthreads,1000000,10,0,6,0.014647904,243,9472,SIM
pthreads,1000000,10,0,7,0.015395133,242,9472,SIM
pthreads,1000000,10,0,8,0.014958833,243,9600,SIM
pthreads,1000000,10,0,9,0.016076473,238,9600,SIM
pthreads,1000000,10,0,10,0.015443568,234,9600,SIM
pthreads,1000000,12,0,1,0.014279669,266,8960,SIM
pthreads,1000000,12,0,2,0.014816623,247,8832,SIM
pthreads,1000000,12,0,3,0.014147787,251,8832,SIM
pthreads,1000000,12,0,4,0.014420447,250,8704,SIM
pthreads,1000000,12,0,5,0.014266387,248,8832,SIM
pthreads,1000000,12,0,6,0.013940451,251,8960,SIM
pthreads,1000000,12,0,7,0.014210790,251,8960,SIM
pthreads,1000000,12,0,8,0.014008929,252,8960,SIM
pthreads,1000000,12,0,9,0.013920721,254,8960,SIM
pthreads,1000000,12,0,10,0.013995890,261,8960,SIM
pthreads,5000000,1,0,1,0.380332151,86,40832,SIM
pthreads,5000000,1,0,2,0.398758266,86,40832,SIM
pthreads,5000000,1,0,3,0.373258247,86,40960,SIM
pthreads,5000000,1,0,4,0.380403741,86,40832,SIM
pthreads,5000000,1,0,5,0.371607071,84,40960,SIM
pthreads,5000000,1,0,6,0.374496079,85,40960,SIM
pthreads,5000000,1,0,7,0.377658121,85,40832,SIM
pthreads,5000000,1,0,8,0.382822692,86,40832,SIM
pthreads,5000000,1,0,9,0.375152856,85,40960,SIM
pthreads,5000000,1,0,10,0.376010925,85,40832,SIM
pthreads,5000000,2,0,1,0.197243173,139,40832,SIM
pthreads,5000000,2,0,2,0.199331937,139,40832,SIM
pthreads,5000000,2,0,3,0.198284116,137,40832,SIM
pthreads,5000000,2,0,4,0.206218435,138,40832,SIM
pthreads,5000000,2,0,5,0.200730625,133,40832,SIM
pthreads,5000000,2,0,6,0.200637205,138,40832,SIM
pthreads,5000000,2,0,7,0.198052883,139,40832,SIM
pthreads,5000000,2,0,8,0.202584809,137,40832,SIM
pthreads,5000000,2,0,9,0.211686567,140,40832,SIM
pthreads,5000000,2,0,10,0.205762966,139,40832,SIM
pthreads,5000000,4,0,1,0.120989354,196,40704,SIM
pthreads,5000000,4,0,2,0.118910970,195,40704,SIM
pthreads,5000000,4,0,3,0.122999082,195,40832,SIM
pthreads,5000000,4,0,4,0.126943477,206,40832,SIM
pthreads,5000000,4,0,5,0.125126003,195,40704,SIM
pthreads,5000000,4,0,6,0.125067701,202,40704,SIM
pthreads,5000000,4,0,7,0.116668748,199,40704,SIM
pthreads,5000000,4,0,8,0.117348292,199,40832,SIM
pthreads,5000000,4,0,9,0.122645279,203,40704,SIM
pthreads,5000000,4,0,10,0.130630357,203,40832,SIM
pthreads,5000000,6,0,1,0.099208466,237,40704,SIM
pthreads,5000000,6,0,2,0.110504197,256,40704,SIM
pthreads,5000000,6,0,3,0.099052679,235,40448,SIM
pthreads,5000000,6,0,4,0.096605786,237,40448,SIM
pthreads,5000000,6,0,5,0.103601872,232,40576,SIM
pthreads,5000000,6,0,6,0.096875835,234,40576,SIM
pthreads,5000000,6,0,7,0.096401529,233,40448,SIM
pthreads,5000000,6,0,8,0.102126711,235,40448,SIM
pthreads,5000000,6,0,9,0.097187441,231,40448,SIM
pthreads,5000000,6,0,10,0.093196224,233,40448,SIM
pthreads,5000000,8,0,1,0.086295988,277,40704,SIM
pthreads,5000000,8,0,2,0.086513147,270,40704,SIM
pthreads,5000000,8,0,3,0.084018565,270,40832,SIM
pthreads,5000000,8,0,4,0.083877778,269,40832,SIM
pthreads,5000000,8,0,5,0.084537033,269,40832,SIM
pthreads,5000000,8,0,6,0.084160687,271,40704,SIM
pthreads,5000000,8,0,7,0.083675011,268,40704,SIM
pthreads,5000000,8,0,8,0.082882377,267,40832,SIM
pthreads,5000000,8,0,9,0.084589664,270,40832,SIM
pthreads,5000000,8,0,10,0.091392961,277,40704,SIM
pthreads,5000000,10,0,1,0.078216174,289,40448,SIM
pthreads,5000000,10,0,2,0.079382885,292,40576,SIM
pthreads,5000000,10,0,3,0.079792561,290,40576,SIM
pthreads,5000000,10,0,4,0.079121847,291,40576,SIM
pthreads,5000000,10,0,5,0.077834606,287,40448,SIM
pthreads,5000000,10,0,6,0.077803137,290,40448,SIM
pthreads,5000000,10,0,7,0.078994258,292,40576,SIM
pthreads,5000000,10,0,8,0.078687070,288,40448,SIM
pthreads,5000000,10,0,9,0.082661678,293,40576,SIM
pthreads,5000000,10,0,10,0.079368905,285,40576,SIM
pthreads,5000000,12,0,1,0.074146786,310,39808,SIM
pthreads,5000000,12,0,2,0.074767500,312,39808,SIM
pthreads,5000000,12,0,3,0.076611817,319,40064,SIM
pthreads,5000000,12,0,4,0.077468919,320,39808,SIM
pthreads,5000000,12,0,5,0.077309956,321,39936,SIM
pthreads,5000000,12,0,6,0.079824391,323,39808,SIM
pthreads,5000000,12,0,7,0.078857348,312,39808,SIM
pthreads,5000000,12,0,8,0.078000495,321,39936,SIM
pthreads,5000000,12,0,9,0.078401497,328,39936,SIM
pthreads,5000000,12,0,10,0.082009013,319,39808,SIM
pthreads,10000000,1,0,1,0.821554056,87,79872,SIM
pthreads,10000000,1,0,2,0.792612174,86,79872,SIM
pthreads,10000000,1,0,3,0.780409113,86,79872,SIM
pthreads,10000000,1,0,4,0.785431372,86,79872,SIM
pthreads,10000000,1,0,5,0.786458097,86,79872,SIM
pthreads,10000000,1,0,6,0.791251827,86,79872,SIM
pthreads,10000000,1,0,7,0.791783343,86,79872,SIM
pthreads,10000000,1,0,8,0.783280808,86,80000,SIM
pthreads,10000000,1,0,9,0.786723863,86,79872,SIM
pthreads,10000000,1,0,10,0.778400048,86,79872,SIM
pthreads,10000000,2,0,1,0.419591676,140,79872,SIM
pthreads,10000000,2,0,2,0.424888011,141,79872,SIM
pthreads,10000000,2,0,3,0.417581480,140,79744,SIM
pthreads,10000000,2,0,4,0.425986873,139,79744,SIM
pthreads,10000000,2,0,5,0.424295546,141,79872,SIM
pthreads,10000000,2,0,6,0.413833319,140,79744,SIM
pthreads,10000000,2,0,7,0.417740497,140,79872,SIM
pthreads,10000000,2,0,8,0.425158891,141,79872,SIM
pthreads,10000000,2,0,9,0.422653034,140,79872,SIM
pthreads,10000000,2,0,10,0.437522372,141,79872,SIM
pthreads,10000000,4,0,1,0.250799585,208,79872,SIM
pthreads,10000000,4,0,2,0.255897245,200,79872,SIM
pthreads,10000000,4,0,3,0.246593228,202,79872,SIM
pthreads,10000000,4,0,4,0.256734366,209,79744,SIM
pthreads,10000000,4,0,5,0.251670527,208,79744,SIM
pthreads,10000000,4,0,6,0.248314473,203,79872,SIM
pthreads,10000000,4,0,7,0.248552602,205,79744,SIM
pthreads,10000000,4,0,8,0.255398477,206,79616,SIM
pthreads,10000000,4,0,9,0.247643781,204,79744,SIM
pthreads,10000000,4,0,10,0.251364510,204,79872,SIM
pthreads,10000000,6,0,1,0.204293561,247,79360,SIM
pthreads,10000000,6,0,2,0.204502148,249,79360,SIM
pthreads,10000000,6,0,3,0.201249134,237,79232,SIM
pthreads,10000000,6,0,4,0.205828959,249,79360,SIM
pthreads,10000000,6,0,5,0.205964558,245,79360,SIM
pthreads,10000000,6,0,6,0.194664537,246,79360,SIM
pthreads,10000000,6,0,7,0.202795653,242,79232,SIM
pthreads,10000000,6,0,8,0.222691684,262,79488,SIM
pthreads,10000000,6,0,9,0.199148892,244,79232,SIM
pthreads,10000000,6,0,10,0.200232042,242,79232,SIM
pthreads,10000000,8,0,1,0.173730182,288,79744,SIM
pthreads,10000000,8,0,2,0.171389420,276,79744,SIM
pthreads,10000000,8,0,3,0.168775453,283,79744,SIM
pthreads,10000000,8,0,4,0.170785586,275,79872,SIM
pthreads,10000000,8,0,5,0.171328491,282,79872,SIM
pthreads,10000000,8,0,6,0.173337518,283,79744,SIM
pthreads,10000000,8,0,7,0.174112349,253,79872,SIM
pthreads,10000000,8,0,8,0.175042553,287,79488,SIM
pthreads,10000000,8,0,9,0.170453940,268,79872,SIM
pthreads,10000000,8,0,10,0.172298744,276,79744,SIM
pthreads,10000000,10,0,1,0.169979453,317,79360,SIM
pthreads,10000000,10,0,2,0.167925381,304,79232,SIM
pthreads,10000000,10,0,3,0.159941342,303,79104,SIM
pthreads,10000000,10,0,4,0.167211185,304,79360,SIM
pthreads,10000000,10,0,5,0.164885035,311,79360,SIM
pthreads,10000000,10,0,6,0.167984098,311,79232,SIM
pthreads,10000000,10,0,7,0.173393067,321,79232,SIM
pthreads,10000000,10,0,8,0.167795290,309,79360,SIM
pthreads,10000000,10,0,9,0.167130126,312,79232,SIM
pthreads,10000000,10,0,10,0.210262827,358,79232,SIM
pthreads,10000000,12,0,1,0.156069233,342,79360,SIM
pthreads,10000000,12,0,2,0.151381070,333,79232,SIM
pthreads,10000000,12,0,3,0.158620653,322,79360,SIM
pthreads,10000000,12,0,4,0.167708849,344,79232,SIM
pthreads,10000000,12,0,5,0.165615124,323,79232,SIM
pthreads,10000000,12,0,6,0.168114727,348,79360,SIM
pthreads,10000000,12,0,7,0.162913110,331,79232,SIM
pthreads,10000000,12,0,8,0.170309909,336,79232,SIM
pthreads,10000000,12,0,9,0.181658742,334,79232,SIM
pthreads,10000000,12,0,10,0.152596989,319,79360,SIM
pthreads,20000000,1,0,1,1.693799494,85,158080,SIM
pthreads,20000000,1,0,2,1.620941888,87,157824,SIM
pthreads,20000000,1,0,3,1.617028332,87,157952,SIM
pthreads,20000000,1,0,4,1.614741048,87,157952,SIM
pthreads,20000000,1,0,5,1.614239353,87,158080,SIM
pthreads,20000000,1,0,6,1.617616933,87,158080,SIM
pthreads,20000000,1,0,7,1.632957706,86,158080,SIM
pthreads,20000000,1,0,8,1.610112804,87,158080,SIM
pthreads,20000000,1,0,9,1.612187109,87,157952,SIM
pthreads,20000000,1,0,10,1.614526601,87,158080,SIM
pthreads,20000000,2,0,1,0.860460557,144,157952,SIM
pthreads,20000000,2,0,2,0.877283136,144,158080,SIM
pthreads,20000000,2,0,3,0.859455226,143,158080,SIM
pthreads,20000000,2,0,4,0.865023160,144,158080,SIM
pthreads,20000000,2,0,5,0.859747342,143,158080,SIM
pthreads,20000000,2,0,6,0.887981211,144,157952,SIM
pthreads,20000000,2,0,7,0.917728734,145,157824,SIM
pthreads,20000000,2,0,8,0.877753673,143,158080,SIM
pthreads,20000000,2,0,9,0.861403061,144,158080,SIM
pthreads,20000000,2,0,10,0.879311030,140,157952,SIM
pthreads,20000000,4,0,1,0.507211980,212,157824,SIM
pthreads,20000000,4,0,2,0.507292110,210,157696,SIM
pthreads,20000000,4,0,3,0.523847660,207,157824,SIM
pthreads,20000000,4,0,4,0.513955901,209,157696,SIM
pthreads,20000000,4,0,5,0.515153792,211,157696,SIM
pthreads,20000000,4,0,6,0.509355457,213,157952,SIM
pthreads,20000000,4,0,7,0.527850722,213,157824,SIM
pthreads,20000000,4,0,8,0.510330938,212,157696,SIM
pthreads,20000000,4,0,9,0.507700301,207,157824,SIM
pthreads,20000000,4,0,10,0.521653200,211,157824,SIM
pthreads,20000000,6,0,1,0.425379289,256,157568,SIM
pthreads,20000000,6,0,2,0.418663403,249,157568,SIM
pthreads,20000000,6,0,3,0.414303542,257,157312,SIM
pthreads,20000000,6,0,4,0.417571511,254,157696,SIM
pthreads,20000000,6,0,5,0.404946280,255,157568,SIM
pthreads,20000000,6,0,6,0.409391195,254,157568,SIM
pthreads,20000000,6,0,7,0.420538366,258,157568,SIM
pthreads,20000000,6,0,8,0.406780928,253,157440,SIM
pthreads,20000000,6,0,9,0.412776838,252,157696,SIM
pthreads,20000000,6,0,10,0.407322751,249,157568,SIM
pthreads,20000000,8,0,1,0.357866589,295,157696,SIM
pthreads,20000000,8,0,2,0.352728169,293,157696,SIM
pthreads,20000000,8,0,3,0.363093853,294,157824,SIM
pthreads,20000000,8,0,4,0.351333831,293,157696,SIM
pthreads,20000000,8,0,5,0.362949731,290,157824,SIM
pthreads,20000000,8,0,6,0.357065409,291,157568,SIM
pthreads,20000000,8,0,7,0.362159329,297,157568,SIM
pthreads,20000000,8,0,8,0.351012257,294,157696,SIM
pthreads,20000000,8,0,9,0.355310132,293,157568,SIM
pthreads,20000000,8,0,10,0.351475471,296,157440,SIM
pthreads,20000000,10,0,1,0.342338044,328,157952,SIM
pthreads,20000000,10,0,2,0.343125589,329,158080,SIM
pthreads,20000000,10,0,3,0.345935346,332,157952,SIM
pthreads,20000000,10,0,4,0.342923778,329,157824,SIM
pthreads,20000000,10,0,5,0.348316627,334,157952,SIM
pthreads,20000000,10,0,6,0.350549689,330,157824,SIM
pthreads,20000000,10,0,7,0.342437614,326,157952,SIM
pthreads,20000000,10,0,8,0.345729899,331,157952,SIM
pthreads,20000000,10,0,9,0.338416746,324,157952,SIM
pthreads,20000000,10,0,10,0.335447160,320,157824,SIM
pthreads,20000000,12,0,1,0.319481422,359,156928,SIM
pthreads,20000000,12,0,2,0.315800254,360,156800,SIM
pthreads,20000000,12,0,3,0.319911760,356,156800,SIM
pthreads,20000000,12,0,4,0.317198072,358,157056,SIM
pthreads,20000000,12,0,5,0.317354031,355,156928,SIM
pthreads,20000000,12,0,6,0.319015307,360,156928,SIM
pthreads,20000000,12,0,7,0.316282558,360,156928,SIM
pthreads,20000000,12,0,8,0.317034063,363,156800,SIM
pthreads,20000000,12,0,9,0.321213620,357,156800,SIM
pthreads,20000000,12,0,10,0.332025966,346,157056,SIM
pthreads,40000000,1,0,1,3.389988802,87,314368,SIM
pthreads,40000000,1,0,2,3.416204983,87,314240,SIM
pthreads,40000000,1,0,3,3.424409139,87,314240,SIM
pthreads,40000000,1,0,4,3.384474646,87,314368,SIM
pthreads,40000000,1,0,5,3.375190791,87,314240,SIM
pthreads,40000000,1,0,6,3.405635304,87,314240,SIM
pthreads,40000000,1,0,7,3.421823471,87,314240,SIM
pthreads,40000000,1,0,8,3.349139798,87,314368,SIM
pthreads,40000000,1,0,9,3.388584669,87,314240,SIM
pthreads,40000000,1,0,10,3.376190761,87,314240,SIM
pthreads,40000000,2,0,1,1.802461631,145,314240,SIM
pthreads,40000000,2,0,2,1.790800174,145,314240,SIM
pthreads,40000000,2,0,3,1.808760900,145,314112,SIM
pthreads,40000000,2,0,4,1.811358142,144,314240,SIM
pthreads,40000000,2,0,5,1.811649346,145,314240,SIM
pthreads,40000000,2,0,6,1.801139809,144,314112,SIM
pthreads,40000000,2,0,7,1.802186191,146,314240,SIM
pthreads,40000000,2,0,8,1.809254595,145,314240,SIM
pthreads,40000000,2,0,9,1.778494158,144,314240,SIM
pthreads,40000000,2,0,10,1.784725139,145,314112,SIM
pthreads,40000000,4,0,1,1.068017309,219,313984,SIM
pthreads,40000000,4,0,2,1.061454756,216,314112,SIM
pthreads,40000000,4,0,3,1.054699768,215,313984,SIM
pthreads,40000000,4,0,4,1.072447789,216,314112,SIM
pthreads,40000000,4,0,5,1.058408330,217,314112,SIM
pthreads,40000000,4,0,6,1.059565582,216,314240,SIM
pthreads,40000000,4,0,7,1.062998105,218,314112,SIM
pthreads,40000000,4,0,8,1.050346175,213,314240,SIM
pthreads,40000000,4,0,9,1.062679708,216,314112,SIM
pthreads,40000000,4,0,10,1.082470989,216,314240,SIM
pthreads,40000000,6,0,1,0.904031115,267,313984,SIM
pthreads,40000000,6,0,2,0.867805608,265,313984,SIM
pthreads,40000000,6,0,3,0.853576145,261,313856,SIM
pthreads,40000000,6,0,4,0.846200280,262,313856,SIM
pthreads,40000000,6,0,5,0.853680793,263,313984,SIM
pthreads,40000000,6,0,6,0.854756745,264,313728,SIM
pthreads,40000000,6,0,7,0.855173590,259,313856,SIM
pthreads,40000000,6,0,8,0.849299536,263,313856,SIM
pthreads,40000000,6,0,9,0.856582748,262,313984,SIM
pthreads,40000000,6,0,10,0.852780445,264,313856,SIM
pthreads,40000000,8,0,1,0.752746928,314,313728,SIM
pthreads,40000000,8,0,2,0.732379776,306,313728,SIM
pthreads,40000000,8,0,3,0.743811446,311,313856,SIM
pthreads,40000000,8,0,4,0.747973515,311,313728,SIM
pthreads,40000000,8,0,5,0.732201186,308,313600,SIM
pthreads,40000000,8,0,6,0.740784210,310,313600,SIM
pthreads,40000000,8,0,7,0.747154909,313,313600,SIM
pthreads,40000000,8,0,8,0.732838475,308,313600,SIM
pthreads,40000000,8,0,9,0.738766456,307,313344,SIM
pthreads,40000000,8,0,10,0.751772643,314,313728,SIM
pthreads,40000000,10,0,1,0.723722084,349,314112,SIM
pthreads,40000000,10,0,2,0.767319728,357,314112,SIM
pthreads,40000000,10,0,3,0.719050499,340,314240,SIM
pthreads,40000000,10,0,4,0.708266564,345,314112,SIM
pthreads,40000000,10,0,5,0.712636675,343,314112,SIM
pthreads,40000000,10,0,6,0.720924018,350,314240,SIM
pthreads,40000000,10,0,7,0.702214945,342,314112,SIM
pthreads,40000000,10,0,8,0.729832220,350,314240,SIM
pthreads,40000000,10,0,9,0.717872832,348,314112,SIM
pthreads,40000000,10,0,10,0.743904897,350,314112,SIM
pthreads,40000000,12,0,1,0.686277269,380,313216,SIM
pthreads,40000000,12,0,2,0.678901847,385,313216,SIM
pthreads,40000000,12,0,3,0.667987287,379,313472,SIM
pthreads,40000000,12,0,4,0.681740697,381,313216,SIM
pthreads,40000000,12,0,5,0.677282801,380,313472,SIM
pthreads,40000000,12,0,6,0.678074069,381,313344,SIM
pthreads,40000000,12,0,7,0.670303495,377,313344,SIM
pthreads,40000000,12,0,8,0.679520169,376,313344,SIM
pthreads,40000000,12,0,9,0.681577690,380,313344,SIM
pthreads,40000000,12,0,10,0.668907182,378,313472,SIM
